Cat.,Model Name,Stock No.,Model,Ext.,Int.,Yr.,VIN,Accessories,DIS,Invoice,Total SRP,Advertised,Online,Promotable,Cmpgn.,Presold,Res.,Comments,RDR
G,Corolla XSE,S261979,1866Q,0089,EB20,2026,5YFT4MCE0TP298592,FE EN PC 2T,11,"29,736.40","31,519.00",30471,Online,true,No campaign,false,N,,None
G,Corolla XSE,S261968,1866Q,01L7,EB26,2026,5YFT4MCE1TP296396,FE 2T,23,"28,779.40","30,444.00",28997,Online,true,No campaign,false,N,,None
G,C-HR XSE,S261763,2419A,0089,EA20,2026,JTMAAAAD6TJ024021,FE CY EN PC SR 2T,45,"41,989.40","43,584.00",41999,Online,true,No campaign,false,N,,None
G,Camry XSE AWD,S262538,2556S,08Q4,LB20,2026,4T1DBADK9TU073356,FE QP 2T,5,"40,994.40","43,899.00",43899,Online,true,No campaign,false,N,,None
G,Camry SE,S262127,2561S,0218,EA10,2026,4T1DAACK4TU789425,FE CP CY SR UP 2T,22,"34,078.40","36,419.00",35784,Online,true,No campaign,false,N,,None
G,bZ XLE,S261729,2870M,01L5,EB20,2026,JTMBCAEB4TA011873,FE KO PC 2T,50,"38,997.00","40,309.00",38999,Online,true,No campaign,false,N,,None
G,Toyota Crown Signia Limited,S261977,4041Q,0202,LA20,2026,JTDACAAJ0T3055320,FE AT 2T,4,"48,897.40","52,869.00",52869,Online,true,No campaign,false,N,,None
G,Sienna XLE,S262250,5407S,03T3,EA15,2026,5TDYSKFC8TS295456,FE AC EJ EY PC 2T,1,"49,173.40","52,655.00",52655,Online,true,No campaign,false,Y,BB#Monson,None
G,Sienna XSE,S262555,5411S,01H5,EB21,2026,5TDXSKFC3TS294811,FE AC 2T MF,1,"49,304.40","52,460.00",52460,Online,true,No campaign,false,N,For Sale,None
G,Sienna Platinum,S262251,5419S,0089,LB25,2026,5TDESKFC5TS295062,FE AC EY IM PC PT ST VC 2G,1,"58,565.40","62,840.00",62840,Online,true,No campaign,false,Y,For Sale,None
G,Land Cruiser,S272571,6167C,0040,LB20,2027,JTEABFAJ4VK081553,FE AA PP SF TL 5A 62 6E BM D5 FS G4 WK,5,"68,749.40","74,400.00",72741,Offline,true,No campaign,false,Y,AW#,New Interface
G,Land Cruiser,S271743,6167A,01L7,EB20,2027,JTEABFAJ1VK076892,FE AA BG MR SF TL 62,32,"63,477.40","68,210.00",64744,Online,true,No campaign,false,N,,None
G,Grand Highlander XLE,S262428,6708S,0218,EA20,2026,5TDAAAB51TS157179,FE SR 2T,1,"46,398.40","49,963.00",49963,Online,true,No campaign,false,Y,MH RILEY,None
G,Grand Highlander Platinum,S261919,6712S,0089,LB10,2026,5TDAAAB52TS149480,FE PC 2T 3C D5 FL J6 MF PL,1,"55,860.40","60,606.00",60606,Online,true,No campaign,false,N,,None
G,Grand Highlander Platinum,S262591,6712S,0089,LB40,2026,5TDAAAB51TS154976,FE PC 2T,2,"53,667.40","57,903.00",0,Offline,false,No campaign,false,Y,JO,None
G,Grand Highlander Platinum,S262273,6712S,03T3,LB20,2026,5TDAAAB50TS156511,FE PC 2T,4,"53,667.40","57,903.00",57903,Online,true,No campaign,false,N,,None
G,Highlander Platinum,S262578,6957S,0089,LA20,2026,5TDKDRBH0TS621826,FE PC PT 2T 3P,1,"52,636.40","56,822.00",56822,Online,true,No campaign,false,Y,MH SAYRE,None
G,Highlander Platinum,S262259,6957S,03T3,LA41,2026,5TDKDRBH3TS621934,FE PC PT 2T DH,1,"52,975.40","57,142.00",57142,Online,true,No campaign,false,Y,EA#MASON,None
G,Tacoma SR5,S261878,7540U,0040,FF10,2026,3TMLB5JN3TM308926,FE SM ST 2T MF,32,"43,313.40","45,999.00",43499,Online,true,No campaign,false,N,,None
G,Tacoma SR5,S261876,7540U,0040,FF20,2026,3TMLB5JN7TM311926,FE SM ST 2T T6,21,"43,241.40","45,923.00",43244,Online,true,No campaign,false,N,,None
G,Tacoma SR5,S261823,7540U,0202,FF10,2026,3TMLB5JN5TM307292,FE SP 2T,32,"43,746.40","46,484.00",43749,Online,true,No campaign,false,N,,None
G,Tacoma SR5,S261828,7540U,03U5,FF10,2026,3TYLB5JN8TT147624,FE PC SP ST 87,36,"44,184.40","46,950.00",44281,Online,true,No campaign,false,N,,None
G,Tacoma SR5,S261908,7540U,03U5,FF20,2026,3TYLB5JN6TT150599,FE PC SP ST 2T,17,"44,244.40","47,044.00",44255,Online,true,No campaign,false,N,,None
G,Tacoma SR5,S261637,7540S,03U5,FF20,2026,3TYLB5JN0TT143549,FE PC SP ST 2T RO,42,"44,260.40","47,073.00",44262,Online,true,No campaign,false,N,,None
G,Tacoma TRD Off-Road,S261831,7568U,0202,FD12,2026,3TMLB5JN1TM311968,FE CY LB OC OK 2T,25,"44,282.40","46,944.00",44284,Online,true,No campaign,false,N,,None
G,Sequoia Platinum,S262014,7951S,01J9,LA21,2026,7SVAAABA9TX105148,FE HU RB 63 D5,15,"79,032.40","85,933.00",82474,Online,true,No campaign,false,N,Shane Demo,None
G,Sequoia TRD Pro,S262027,7953S,0218,EB21,2026,7SVAAABA3TX105470,FE SR TR D5 T5,11,"78,742.40","85,595.00",82474,Online,true,No campaign,false,N,,None
G,Tundra SR5,S262015,8361A,06X3,LE13,2026,5TFLA5DBXTX452004,FE OQ SO WN WV 2T,4,"55,052.40","58,779.00",55054,Online,true,No campaign,false,N,,None
G,Tundra SR5,S261884,8361A,08X8,FB21,2026,5TFLA5DB2TX442499,FE 2T 3J 88 D5 E6,30,"52,909.40","56,396.00",52911,Online,true,No campaign,false,N,,None
G,Tundra Limited,S262594,8372A,0040,LD21,2026,5TFJA5DB9TX443074,FE LZ WS 2T 3D 8Q LB T7,2,"58,116.40","62,007.00",62007,Online,true,No campaign,false,N,,None
G,Tundra Limited,S261909,8372A,0218,LD21,2026,5TFJA5DB4TX447288,FE LZ WS 2T,25,"57,064.40","60,789.00",57164,Online,true,No campaign,false,N,,None
G,Tundra Platinum,S262156,8375A,0089,LA21,2026,5TFNA5DB2TX452636,FE HU PC RB 2T,4,"66,917.40","71,514.00",66919,Online,true,No campaign,false,N,,None
G,Tundra Platinum,S262026,8375A,01G3,LA21,2026,5TFNA5DB5TX447205,FE 2T D5 LB R4 T7,15,"66,649.40","71,161.00",66656,Online,true,No campaign,false,N,,None
G,Tundra Platinum,S262033,8375A,03U5,LA21,2026,5TFNA5DB5TX450394,FE PC RB 2T,11,"66,383.40","70,914.00",66385,Online,true,No campaign,false,N,SETH DEMO,None
G,Tundra Platinum,S261733,8375A,08X8,LA21,2026,5TFNA5DB6TX438741,FE HU RB 2T,53,"66,494.40","71,039.00",71039,Online,true,No campaign,false,N,,None
G,Tundra Platinum,S261761,8375A,08X8,LA21,2026,5TFWA5DB0TX438450,FE HU OF RB SO 2T,47,"68,435.40","73,219.00",68508,Online,true,No campaign,false,N,,None
G,Tundra 1794 Edition,S261747,8376A,01G3,LB44,2026,5TFMA5DB9TX438387,FE HU LW MJ LB,46,"66,332.40","70,774.00",66335,Online,true,No campaign,false,N,,None
G,Tundra 1794 Edition,S261891,8376A,01G3,LB44,2026,5TFMA5DB3TX445111,FE MJ OF SO TD,21,"67,899.40","72,565.00",67904,Online,true,No campaign,false,N,,None
GP,Tundra 1794 Edition,S262192,8376A,01J9,LB44,2026,5TFMA5DB5TX419903,FE MJ OF RB SO 3E 3P 87 D5 LB PH W1 XX,54,"69,803.31","78,271.00",69807,Online,true,No campaign,false,N,,None
G,Tundra 1794 Edition,S261660,8376A,01J9,LB44,2026,5TFMA5DB9TX436154,FE LW MJ RB TD,53,"67,197.40","71,775.00",71775,Online,true,No campaign,false,N,,None
G,Tundra 1794 Edition,S261735,8376A,01J9,LB44,2026,5TFMA5DB6TX439304,FE LW MJ RB TD,53,"67,197.40","71,775.00",67199,Online,true,No campaign,false,N,,None
G,Tundra 1794 Edition,S261835,8376A,01J9,LB44,2026,5TFMA5DB6TX442588,FE LW MJ RB TD,34,"67,197.40","71,775.00",67199,Online,true,No campaign,false,N,,None
G,Tundra 1794 Edition,S261744,8376A,0218,LB44,2026,5TFMA5DB1TX439484,FE LW MJ RB,46,"66,440.40","70,925.00",66443,Online,true,No campaign,false,N,,None
G,Tundra TRD Pro,S261820,8424A,0040,EB33,2026,5TFPC5DB3TX148590,FE TD TR,34,"70,774.00","75,610.00",70894,Online,true,No campaign,false,Y,jv???,None
G,Tundra Capstone,S261571,8425A,03U5,LC15,2026,5TFVC5DB2TX144831,FE MQ NF PC TD 2T,87,"80,158.00","85,854.00",80161,Online,true,No campaign,false,N,700 MILES,None
G,4Runner TRD Off-Road Premium,S262162,8672Q,01L0,EA20,2026,JTEVA5BR6T5158888,FE EC MR OP 3T 43 46 63 D5 R5 T4,12,"57,230.40","61,508.00",59641,Online,true,No campaign,false,N,,None
G,4Runner TRD Sport Premium,S262023,8673Q,01L0,EA20,2026,JTEVA5BR1T5157728,FE EC MR RQ 63,12,"54,696.40","58,603.00",56744,Online,true,No campaign,false,N,,None
G,4Runner TRD Sport Premium,S262029,8673Q,08X0,EA20,2026,JTEVA5BR6T5156641,FE EC MR RQ 63,23,"54,696.40","58,603.00",56210,Offline,true,No campaign,false,Y,MW STANCER,New Interface
F,Prius LE,S272426,1223A,0229,FB10,2027,JTDACAAU4V3086597,FE RC 2T BM D5 MF,,"29,667.40","31,014.00",31014,Online,true,No campaign,false,Y,SS#BORK,None
F,Prius Plug-in Hybrid XSE Premium,S272148,1239A,08Q4,EA22,2027,JTDACACU2V3086062,FE DV GX SD 2T,,"42,346.40","43,449.00",43449,Online,true,No campaign,false,N,,None
F,Prius LE AWD,S271826,1263A,08Q4,FB20,2027,JTDADABU8V3037365,FE RC 62 63,,"30,492.40","31,804.00",31804,Online,true,No campaign,false,Y,JO#LEE,None
F,Corolla LE,S272402,1852A,01F7,FB20,2027,5YFB4MDE7VP511518,FE LQ 2T D5 DK,,"24,722.40","26,232.00",26232,Online,true,No campaign,false,Y,JV#DEREUS,None
F,Corolla SE,S272237,1864A,08X8,FC23,2027,5YFP4MCE3VP300999,FE SO 2T,,"26,736.40","28,334.00",28334,Online,true,No campaign,false,N,,None
F,Corolla XSE,S272247,1866A,0089,EB26,2027,5YFT4MCE0VP300960,FE EN PC 2T,,"29,924.40","31,719.00",31719,Online,true,No campaign,false,N,,None
F,Corolla XSE,S272231,1866A,03T3,EB20,2027,5YFT4MCE8VP300852,FE EN PC 2T,,"29,924.40","31,719.00",31719,Online,true,No campaign,false,N,,None
F,Corolla Hybrid LE,,1882A,0040,FB20,2027,JTDBCMFE7V3169836,FE LQ 2T,,"26,331.40","27,914.00",27914,Online,true,No campaign,false,Y,DT FRANK FLETCHER,None
F,Corolla Hybrid LE AWD,S272393,1883A,0089,FB10,2027,JTDBDMHE1V3039769,FE LQ PC 2T,,"28,075.40","29,789.00",29789,Online,true,No campaign,false,Y,MH#IMON,None
F,Corolla Hybrid LE AWD,S272317,1883A,0089,FB10,2027,JTDBDMHE0V3040377,FE LQ PC 2T,,"28,075.40","29,789.00",29789,Online,true,No campaign,false,Y,mh imon,None
F,Camry XSE AWD,S262432,2556S,02YJ,LB20,2026,4T1DBADK1TU074212,FE PC QP TX 2T 3J,,"41,936.40","44,963.00",44963,Online,true,No campaign,false,Y,MG SALGE,None
F,Camry SE,S262568,2561S,01L7,EA10,2026,4T1DAACK1TU369198,FE 2T,,"31,670.40","33,714.00",33714,Online,true,No campaign,false,Y,TY FLEET,None
F,Camry SE,S262246,2561S,03U5,EA10,2026,4T1DAACK1TU367466,FE PC 2T MF,,"32,227.40","34,349.00",34349,Online,true,No campaign,false,N,,None
F,bZ Woodland,S272137,2861A,0D31,EA20,2027,JTMBGAHB6VY640626,FE TA,,"47,401.00","49,075.00",49075,Online,true,No campaign,false,N,,None
F,Toyota Crown Signia Limited,S262338,4041Q,0090,LA20,2026,JTDACAAJ5T3056849,FE AT PC 2T,,"49,320.40","53,344.00",53344,Online,true,No campaign,false,N,,None
F,Toyota Crown Signia Limited,S262339,4041Q,03U9,LA20,2026,JTDACAAJ3T3057160,FE AT PC 2T,,"49,320.40","53,344.00",53344,Online,true,No campaign,false,N,,None
F,RAV4 LE,S262232,4435C,0040,FB20,2026,4T36CRAV6TU014968,FE 2T,,"33,796.40","35,234.00",35234,Online,true,No campaign,false,Y,DL#JOHNSON COUNTY,None
F,RAV4 LE,S262220,4435C,04V8,FB20,2026,2T36CRAV4TC046884,FE 2T,,"33,796.40","35,234.00",35234,Online,true,No campaign,false,Y,CD MURRAY,None
F,RAV4 XLE Premium,S262229,4444C,04V8,EE40,2026,2T36CRAV1TC047443,FE CY 2T,,"38,156.40","39,809.00",39809,Online,true,No campaign,false,Y,MH CONLON,None
F,RAV4 XLE Premium,S262283,4444C,08X8,EE20,2026,4T36CRAVXTU014424,FE CY 2T D5 MF,,"38,425.40","40,134.00",40134,Online,true,No campaign,false,Y,HS#ROBERTS,None
F,RAV4 XSE,S262223,4530C,0218,EC20,2026,4T36CRAV3TU015124,FE CY EJ 2T,,"42,296.40","44,229.00",44229,Online,true,No campaign,false,Y,JV#Bickle,None
F,RAV4 XSE,S262242,4530C,0218,EC20,2026,4T36CRAV9TU014625,FE CY EJ 2T,,"42,296.40","44,229.00",44229,Online,true,No campaign,false,N,J5 KNAPP,None
F,RAV4 XSE,S262230,4530C,0218,EC20,2026,4T36CRAV9TU014754,FE CY EJ 2T,,"42,296.40","44,229.00",44229,Online,true,No campaign,false,Y,NE MEH,None
F,RAV4 Limited,S262236,4534C,01L6,EA10,2026,2T36CRAV7TW115629,FE HU 2T BM D5 G4 MF,,"44,646.40","46,814.00",46814,Online,true,No campaign,false,Y,DL RHODES,None
F,RAV4 Plug-in Hybrid SE,S262358,4544A,0040,FC20,2026,JTM7ERAVXTJ038008,FE CP CY 2T BM D5 MF,,"42,780.21","44,794.00",44794,Online,true,No campaign,false,Y,MH #128903SVHOLERMAN,None
F,RAV4 Plug-in Hybrid SE,S262240,4544A,01L6,FC20,2026,JTM7ERAV7TJ035874,FE CP CY MR 2T,,"43,046.40","45,059.00",45059,Online,true,No campaign,false,Y,MH BEASLEY,None
F,RAV4 Plug-in Hybrid XSE,S262353,4550A,02SQ,EC20,2026,JTM7ERAV4TD029416,FE CY EJ TX 2T 3J D5 D9 MF,,"48,781.40","51,218.00",51218,Online,true,No campaign,false,Y,DK#WOODHOUSE,None
F,RAV4 Plug-in Hybrid XSE,S262126,4550A,0M22,EC20,2026,JTM7ERAV7TD026672,FE CY DA EJ SR TX 2T 4A 8J BM D5 E7 EG MF,,"51,843.40","54,739.00",54739,Online,true,No campaign,false,Y,SS#LASWELL,None
F,Sienna XLE,S262303,5407S,0218,EA15,2026,5TDYSKFC0TS295855,FE 2T,,"46,704.40","49,885.00",49885,Online,true,No campaign,false,Y,CD MEANDON,None
F,Sienna Platinum,S262269,5419S,03T3,LB25,2026,5TDESKFC9TS295856,FE AC EY IM PC PT ST VC 2G,,"58,565.40","62,840.00",62840,Online,true,No campaign,false,Y,HS# BONITZ,None
F,Land Cruiser,S272530,6167C,01L7,LB20,2027,JTEABFAJ4VK085120,FE AA BG PP SF TL 62,,"67,274.21","72,465.00",72465,Online,true,No campaign,false,Y,SS#MUZUIR,None
F,Land Cruiser,S272390,6167C,02ZD,LB20,2027,JTEABFAJ8VK082513,FE AA PJ PP SF TL 62 6E BM D5 G4,,"68,161.40","73,520.00",73520,Online,true,No campaign,false,Y,motor inn,None
F,Land Cruiser,S272389,6167C,04V8,LB40,2027,JTEABFAJ9VK082794,FE AA PP SF TL 62 G4,,"67,414.40","72,650.00",72650,Online,true,No campaign,false,Y,DT COOL SPRINGS,None
F,GR86 Premium MT,S272138,6255A,0P8Y,AM20,2027,JF1ZNBE15V9750010,FE AK PP 12 2T 37 KG,,"42,243.40","44,287.00",44287,Online,true,No campaign,false,N,,None
F,Corolla Cross Hybrid XSE,S262163,6316S,0D11,EB20,2026,7MUFBABG0TV119114,FE CP 2T,,"35,215.40","36,984.00",36984,Online,true,No campaign,false,Y,JH GRAY,None
F,Grand Highlander Hybrid Nightshade,S262255,6733S,0218,LD20,2026,5TDACAB55TS131016,FE BK SB SR 2T 43 DH,,"55,086.40","59,303.00",59303,Online,true,No campaign,false,Y,HR BLANCHARD,None
F,Tacoma Limited,S262262,7534U,0202,EB20,2026,3TYLC5LN5TT082239,FE LT MG 2T Q4,,"55,874.40","59,519.00",59519,Online,true,No campaign,false,N,,None
F,Tacoma SR5,S262019,7540U,03U5,FF20,2026,3TYLB5JN8TT153827,FE PC SP 2T,,"44,169.40","46,959.00",46959,Online,true,No campaign,false,N,,None
F,Tacoma TRD Sport,S262275,7542U,0202,FE12,2026,3TMLB5JN3TM323247,FE PY 2T MF,,"43,165.40","45,724.00",45724,Online,true,No campaign,false,N,,None
F,Tacoma TRD Off-Road,S262253,7544U,0040,FD12,2026,3TMLB5JN5TM323539,FE OU 2T MF,,"47,641.40","50,864.00",50864,Online,true,No campaign,false,N,,None
F,Tacoma TRD Off-Road,S262252,7544U,01L7,FD12,2026,3TMLB5JN9TM327237,FE OU 2T MF,,"47,641.40","50,864.00",50864,Online,true,No campaign,false,N,,None
F,Tacoma TRD Off-Road,S262157,7544U,0202,FD12,2026,3TMLB5JN4TM320633,FE CY EE OC MF,,"44,562.40","47,255.00",47255,Online,true,No campaign,false,N,GMP,None
F,Tacoma TRD Off-Road,S262425,7568U,08X0,EA20,2026,3TMLB5JNXTM323701,FE LV OF 2T 9K D5 MF,,"52,634.40","56,508.00",56508,Online,true,No campaign,false,Y,MG#MARTINEZ,None
F,Tacoma Limited,S262265,7582U,0089,EB20,2026,3TYLB5JN7TT156864,FE LT MG PC 2T Q4,,"53,234.40","56,669.00",56669,Online,true,No campaign,false,N,,None
F,Sequoia Capstone,S262274,7955S,0089,LC15,2026,7SVAAABAXTX108267,FE CS PC 2T,,"82,029.40","89,193.00",89193,Online,true,No campaign,false,N,,None
F,Tundra Limited,S262143,8372A,01G3,LD21,2026,5TFJA5DB4TX454774,FE LZ WS 2T,,"57,064.40","60,789.00",60789,Online,true,No campaign,false,N,,None
F,Tundra Limited,S262142,8372A,01G3,LD21,2026,5TFJA5DB9TX454320,FE LZ WS 2T,,"57,064.40","60,789.00",60789,Online,true,No campaign,false,N,,None
F,Tundra Limited,S262256,8372A,0218,LD21,2026,5TFJA5DB4TX456881,FE LZ WS 2T,,"57,064.40","60,789.00",60789,Online,true,No campaign,false,N,,None
F,Tundra Limited,S262271,8372A,03U5,LD13,2026,5TFJA5DB5TX457621,FE EJ LX LY LZ MO PC WS 2T,,"59,188.40","63,174.00",63174,Online,true,No campaign,false,N,,None
F,Tundra Limited,S262147,8372A,03U5,LD13,2026,5TFJA5DB3TX455639,FE LZ PC WS 2T,,"57,487.40","61,264.00",61264,Online,true,No campaign,false,N,,None
F,Tundra Limited,S262151,8372A,03U5,LD21,2026,5TFJA5DB7TX453831,FE LZ PC WS 2T,,"57,487.40","61,264.00",61264,Online,true,No campaign,false,N,,None
F,Tundra Limited,S262268,8372A,03U5,LD21,2026,5TFJA5DB6TX457210,FE LZ PC WS 2T,,"57,487.40","61,264.00",61264,Online,true,No campaign,false,N,,None
F,Tundra Platinum,S262154,8375A,06X3,LA21,2026,5TFNA5DB9TX455291,FE RB 2T,,"65,960.40","70,439.00",70439,Online,true,No campaign,false,N,,None
F,Tundra Platinum,S262280,8385A,01G3,LA21,2026,5TFWA5EC6TX063770,FE MQ OF RB ST,,"68,649.40","73,420.00",73420,Online,true,No campaign,false,N,,None
F,Tundra Limited,S262153,8421A,03U5,LD21,2026,5TFWC5DB4TX151316,FE LZ MO OF PC SO WS 2T,,"64,080.00","68,544.00",68544,Online,true,No campaign,false,N,,None
F,Tundra Limited,S262155,8421A,06X3,LD21,2026,5TFJC5DB7TX151515,FE EJ LX LY MO 2T,,"61,694.00","65,864.00",65864,Online,true,No campaign,false,N,,None
F,Tundra Platinum,S262152,8422A,01G3,LA21,2026,5TFNC5DB9TX151937,FE HU RB 2T,,"70,095.00","74,949.00",74949,Online,true,No campaign,false,N,,None
F,4Runner TRD Pro,S262423,8634S,01L7,EC22,2026,JTEVB5BR8T5056473,FE DG TR 2B 43 4F 5Q 8F 9V D5 F6 R5,,"67,315.40","72,359.00",72359,Online,true,No campaign,false,Y,JH#HOVENGA,None
F,4Runner SR5,S262034,8664Q,01L0,FA20,2026,JTEVA5BR1T5160287,FE 63 R5,,"43,167.40","46,053.00",46053,Online,true,No campaign,false,Y,DT BILLION 40011,None
F,4Runner SR5,S262030,8664Q,0202,FA20,2026,JTEVA5BR4T5159196,FE 3T R2,,"43,789.40","46,760.00",46760,Online,true,No campaign,false,Y,EA LAGRONE,None
A,Prius LE,S272421,1223A,0089,FB10,2027,JTDACAAU2V3088090,FE PC RC 2T D1 D5 EF,,"29,842.21","31,216.00",31216,Online,true,No campaign,false,Y,SSKROB,None
A,Prius LE,S272523,1223A,08Q4,FB20,2027,JTDACAAU6V3088724,FE RC 2T,,"29,153.21","30,404.00",0,Offline,false,No campaign,false,Y,MH MORRIS,None
A,Prius Nightshade AWD,S272459,1266A,0089,EA24,2027,JTDADABU3V3039721,FE BK DG EE PC SR 2T,,"36,428.21","38,504.00",38504,Online,true,No campaign,false,N,,None
A,Corolla LE,,1852A,01K3,FB20,2027,5YFB4MDEXVP40B017,FE 2T 87 D5 MF,,"23,941.40","25,362.00",25362,Online,true,No campaign,false,Y,KT#Pressler,None
A,Corolla LE,,1852A,0229,FB20,2027,5YFB4MDE0VP41A339,FE LQ 2T,,"24,587.21","26,064.00",26064,Online,true,No campaign,false,N,,None
A,Corolla SE,,1864A,0229,FC23,2027,5YFP4MCE3VP41C058,FE SO 2T,,"26,739.21","28,334.00",28334,Online,true,No campaign,false,N,,None
A,Corolla SE,,1864A,08X8,FC26,2027,5YFP4MCE1VP40B656,FE SO 2T,,"26,739.21","28,334.00",28334,Online,true,No campaign,false,N,,None
A,Corolla Hybrid LE,S272437,1882A,01L7,FB10,2027,JTDBCMFE1V3173428,FE LQ 2T,,"26,334.21","27,914.00",27914,Online,true,No campaign,false,N,,None
A,Corolla Hybrid LE,S272416,1882A,08X8,FB20,2027,JTDBCMFEXV3171659,FE 2T GD,,"25,470.21","26,954.00",26954,Online,true,No campaign,false,Y,HS#ARTHUR,None
A,Corolla Hybrid SE,S272580,1886A,0089,FC23,2027,JTDBCMFE7V3174695,FE PC SO 2T,,"28,899.21","30,659.00",30659,Offline,true,No campaign,false,Y,EV#SUN,None
A,C-HR XSE,S272322,2419A,01H5,EA20,2027,JTMAAAAD8VJ031023,FE CY EN SR 2T MF,,"41,822.21","43,399.00",43399,Online,true,No campaign,false,N,,None
A,Camry LE AWD,,2552A,0218,FA20,2027,4T1DBADK4VU43N841,FE 2T MF,,"30,998.21","33,012.00",33012,Online,true,No campaign,false,N,,None
A,Camry SE AWD,,2553A,0040,EA10,2027,4T1DBADK0VU43L276,FE CP CY 2T D5 MF,,"34,451.21","36,780.00",36780,Offline,true,No campaign,false,N,,None
A,Camry XLE AWD,,2555A,01L5,LA10,2027,4T1DBADK7VU41J534,FE PC QP 2T,,"40,376.21","43,274.00",43274,Offline,true,No campaign,false,Y,NF#AMUNDSON,None
A,Camry XLE AWD,,2555A,01L5,LA20,2027,4T1DBADK8VU42K686,FE PC QP 2T D5 MF,,"40,660.21","43,615.00",43615,Offline,true,No campaign,false,Y,HS#GERBIG,None
A,Camry XLE AWD,,2555A,0218,LA10,2027,4T1DBADK9VU42N693,FE PM 2T 3J 9L G4 G5 MF,,"41,450.21","44,532.00",44532,Offline,true,No campaign,false,N,,None
A,Camry XLE AWD,,2555A,08Z3,LA10,2027,4T1DBADK7VU43L887,FE PC PM 2T MF,,"39,687.21","42,497.00",42497,Online,true,No campaign,false,N,,None
A,Camry XSE AWD,,2556S,02PS,LB30,2026,4T1DBADK0TU40D888,FE PC QP TX 2T 3J,,"41,939.21","44,963.00",44963,Online,true,No campaign,false,Y,J5#BRUNNER,None
A,Camry XSE,,2557A,0089,LB20,2027,4T1DAACK2VU42O236,FE PC PM 2T MF,,"39,384.21","42,172.00",42172,Online,true,No campaign,false,N,,None
A,Camry XSE,,2557S,02PS,LB30,2026,4T1DAACK1TU40H209,FE PC PR TX 2T,,"37,380.40","39,919.00",39919,Online,true,No campaign,false,Y,MH FISK,None
A,Camry XSE,,2557S,03U5,LB20,2026,4T1DAACK8TU40H241,FE PC QP 2T,,"39,989.21","42,849.00",42849,Online,true,No campaign,false,N,,None
A,Camry LE,,2559A,03U5,FA20,2027,4T1DAACK6VU42L551,FE CP CY PC SR 2T MF,,"32,243.21","34,492.00",34492,Online,true,No campaign,false,N,,None
A,Camry XLE,,2560A,08Z3,LA20,2027,4T1DAACK9VU41M150,FE PC QP 2T,,"38,948.21","41,749.00",0,Offline,false,No campaign,false,Y,MH HOFFMAN,None
A,Camry SE,,2561A,01L7,EA20,2027,4T1DAACK5VU41M663,FE 2T MF,,"31,912.21","33,987.00",33987,Online,true,No campaign,false,N,,None
A,Camry SE,,2561A,08Z3,EA20,2027,4T1DAACK8VU43I556,FE CP CY PC 2T 3Y D5,,"33,356.21","35,629.00",0,Offline,false,No campaign,false,N,,None
A,Camry SE,,2561S,01L7,EA20,2026,4T1DAACK6TU40E807,FE CP 2T,,"32,207.21","34,314.00",34314,Online,true,No campaign,false,N,,None
A,Camry SE,,2561S,0218,EA20,2026,4T1DAACK9TU40D229,FE 2T,,"31,670.40","33,714.00",33714,Online,true,No campaign,false,N,,None
A,Camry SE,,2561S,03U5,EA20,2026,4T1DAACK1TU40D175,FE CP CY PC SR UP 2T,,"34,501.40","36,894.00",36894,Online,true,No campaign,false,N,,None
A,Camry SE,,2561S,03U5,EA20,2026,4T1DAACKXTU40F992,FE CP CY PC SR UP 2T,,"34,504.21","36,894.00",36894,Online,true,No campaign,false,N,,None
A,bZ Limited,S272346,2882A,0218,EA20,2027,JTMBDAFB2VA016049,FE 2T 3K BM D5 G4 MF,,"46,620.00","48,424.00",48424,Online,true,No campaign,false,Y,SS#PARLET,None
A,Toyota Crown XLE,S272419,4015A,0090,LA20,2027,JTDAGACF1V3000391,FE PC 2T MF,,"40,729.21","43,894.00",43894,Online,true,No campaign,false,Y,MH#SULLIVAN,None
A,Toyota Crown Signia Limited,S262444,4041Q,0090,LA20,2026,JTDACAAJ6T3058805,FE AT PC 2T MF,,"49,469.21","53,519.00",53519,Online,true,No campaign,false,N,,None
A,RAV4 LE,,4435C,03T3,FB20,2026,4T36CRAV8TU42P751,FE PC 2T,,"34,212.21","35,709.00",35709,Online,true,No campaign,false,Y,HS#Nims,None
A,RAV4 Woodland,,4437C,0040,EB60,2026,2T36CRAV4TW40G433,FE D9 MF,,"40,121.40","41,854.00",41854,Online,true,No campaign,false,Y,EV Eastman,None
A,RAV4 Woodland,,4437C,01L6,EB20,2026,2T36CRAV0TW40I972,FE MR MF,,"40,709.40","42,505.00",42505,Online,true,No campaign,false,Y,KT#HOLLOWAY,None
A,RAV4 Woodland,,4437C,01M6,EB20,2026,2T36CRAV6TW40J455,FE 43 EG MF,,"40,419.40","42,210.00",42210,Online,true,No campaign,false,Y,JH#BECKMAN,None
A,RAV4 Woodland,,4437C,01M6,EB60,2026,2T36CRAV0TW41G294,FE MF,,"39,955.21","41,655.00",41655,Online,true,No campaign,false,Y,JV#Duncan,None
A,RAV4 Woodland,,4437C,01M6,EB60,2026,2T36CRAV6TW43I090,FE MF,,"39,955.21","41,655.00",0,Offline,false,No campaign,false,Y,TS#Dalsted,None
A,RAV4 Woodland,,4437C,06X7,EB60,2026,2T36CRAVXTW43F029,FE,,"39,821.21","41,495.00",41495,Online,true,No campaign,false,Y,HS#Gramling,None
A,RAV4 XLE Premium,,4444C,0089,EE10,2026,4T36CRAV7TU41P874,FE CY DA PC SR 2T,,"40,808.21","42,784.00",42784,Online,true,No campaign,false,Y,DL#YODER,None
A,RAV4 XLE Premium,,4444C,0089,EE40,2026,4T36CRAV5TU40M119,FE CY PC SR 2T 4A BM D5 EG MF,,"41,785.40","43,999.00",43999,Online,true,No campaign,false,Y,TH#BOESE,None
A,RAV4 XLE Premium,,4444C,01L6,EE40,2026,2T36CRAV6TW41G512,FE CY DA SR 2T,,"40,385.21","42,309.00",42309,Online,true,No campaign,false,N,,None
A,RAV4 XLE Premium,,4444C,0218,EE20,2026,4T36CRAV0TU43P724,FE CY DA SR 2T 3J,,"40,458.21","42,398.00",42398,Online,true,No campaign,false,N,SS $1L6/10 HASSERT,None
A,RAV4 XLE Premium,,4444C,03T3,EE10,2026,4T36CRAV6TU43P937,FE CY PC Z2,,"38,661.21","40,379.00",40379,Online,true,No campaign,false,Y,TH#JONES,None
A,RAV4 XLE Premium,,4444C,03T3,EE20,2026,4T36CRAV4TU42R447,FE CY DA PC SR 2T,,"40,808.21","42,784.00",42784,Online,true,No campaign,false,Y,NF WOODS,None
A,RAV4 XLE Premium,,4444C,04V8,EE10,2026,2T36CRAV8TW40H567,FE CY DA SR 2T,,"40,382.40","42,309.00",42309,Online,true,No campaign,false,Y,JH#BALLAS,None
A,RAV4 SE,,4524C,0040,FC20,2026,4T36CRAV5TU40L648,FE CP CY 2T,,"37,170.40","38,809.00",38809,Online,true,No campaign,false,Y,MH #KRAUS,None
A,RAV4 SE,,4524C,0040,FC20,2026,4T36CRAV3TU41R248,FE 2T,,"36,482.21","38,034.00",38034,Online,true,No campaign,false,Y,MH #CONKLING,None
A,RAV4 SE,,4524C,0040,FC20,2026,4T36CRAV4TU41R470,FE CP CY 2T,,"37,173.21","38,809.00",38809,Online,true,No campaign,false,N,$1L6 AVAILABLE,None
A,RAV4 SE,,4524C,0040,FC20,2026,4T36CRAV4TU43Q066,FE CP CY MR 2T,,"37,930.21","39,659.00",39659,Online,true,No campaign,false,N,,None
A,RAV4 SE,,4524C,01L6,FC20,2026,2T36CRAVXTW39J464,FE CP CY 2T D5,,"37,305.40","38,974.00",38974,Online,true,No campaign,false,Y,HS#RUSTAD,None
A,RAV4 SE,,4524C,01L6,FC20,2026,2T36CRAV3TW40I495,FE CP CY MR 2T MF,,"38,061.40","39,819.00",39819,Online,true,No campaign,false,Y,MH#COLLINS,None
A,RAV4 SE,,4524C,0218,FC20,2026,4T36CRAV1TU41Q650,FE CP CY 2T,,"37,173.21","38,809.00",38809,Online,true,No campaign,false,N,,None
A,RAV4 SE,,4524C,04V8,FC20,2026,2T36CRAV7TW41F059,FE CP CY 2T BM D5,,"37,516.21","39,234.00",39234,Online,true,No campaign,false,Y,SS#MUCHUKOTA,None
A,RAV4 SE,,4524C,04V8,FC20,2026,2T36CRAV9TW42I475,FE CP CY 2T MF,,"37,296.21","38,969.00",38969,Online,true,No campaign,false,N,,None
A,RAV4 SE,,4524C,04V8,FC20,2026,2T36CRAV6TW42J950,FE CP CY 2T 43 MF,,"37,655.21","39,394.00",39394,Online,true,No campaign,false,Y,DK#Leu,None
A,RAV4 SE,,4524C,08X8,FC20,2026,4T36CRAV4TU40M385,FE CP CY MR 2T,,"37,927.40","39,659.00",39659,Online,true,No campaign,false,Y,EA#JOHNSON,None
A,RAV4 SE,,4524C,08X8,FC20,2026,4T36CRAVXTU42Q089,FE CP CY 2T,,"37,173.21","38,809.00",38809,Online,true,No campaign,false,N,,None
A,RAV4 SE,,4524C,08X8,FC20,2026,4T36CRAV8TU41Q189,FE,,"36,195.21","37,695.00",37695,Online,true,No campaign,false,Y,MH#SHELTERHOUSE,None
A,RAV4 XSE,,4530C,0218,EC20,2026,4T36CRAV0TU40K780,FE CY EJ 2T,,"42,296.40","44,229.00",44229,Online,true,No campaign,false,Y,DT#Troy,None
A,RAV4 XSE,,4530C,0218,EC20,2026,4T36CRAV0TU40M271,FE CY EJ 2T,,"42,296.40","44,229.00",44229,Online,true,No campaign,false,N,$2SQ 09/03 AVAILABLE,None
A,RAV4 XSE,,4530C,0218,EC20,2026,4T36CRAV4TU41R291,FE CY EJ 2T,,"42,299.21","44,229.00",44229,Online,true,No campaign,false,N,$0M22 09/03 AVAILABLE,None
A,RAV4 XSE,,4530C,0218,EC20,2026,4T36CRAV8TU43P129,FE CY EJ 2T,,"42,299.21","44,229.00",44229,Online,true,No campaign,false,N,$,None
A,RAV4 XSE,,4530C,0218,EC20,2026,4T36CRAV1TU43P232,FE CY EJ 2T,,"42,299.21","44,229.00",44229,Online,true,No campaign,false,N,$,None
A,RAV4 Limited,,4534C,0089,EA10,2026,2T36CRAV3TW40G844,FE HU PC 2T,,"44,247.40","46,309.00",46309,Online,true,No campaign,false,Y,MH#SWANSON,None
A,RAV4 Limited,,4534C,0089,EA20,2026,2T36CRAVXTW41E424,FE HU PC WU 63,,"45,233.21","47,409.00",47409,Online,true,No campaign,false,Y,BB KELLY,None
A,RAV4 Limited,,4534C,01L6,EA10,2026,2T36CRAV4TW43G743,FE HU 2T MF,,"43,961.21","45,994.00",45994,Online,true,No campaign,false,Y,JH#MENIKIE,None
A,RAV4 Limited,,4534C,04V8,EA10,2026,2T36CRAV2TW43G949,FE HU C4 MF,,"43,840.21","45,854.00",45854,Online,true,No campaign,false,Y,DL#VAN ZANTE,None
A,RAV4 Limited,,4534C,08X8,EA10,2026,2T36CRAV0TW39E670,FE HU 2T,,"43,824.40","45,834.00",45834,Online,true,No campaign,false,Y,DL TOWNSEND,None
A,RAV4 Plug-in Hybrid SE,S262473,4544A,01L6,FC20,2026,JTM7ERAVXTJ044939,FE 2T,,"41,601.21","43,434.00",43434,Online,true,No campaign,false,N,,None
A,RAV4 Plug-in Hybrid SE,S262474,4544A,04V8,FC20,2026,JTM7ERAVXTJ044570,FE 2T 43,,"41,960.21","43,859.00",43859,Online,true,No campaign,false,N,,None
A,RAV4 Plug-in Hybrid XSE,S262586,4550A,02SQ,EC20,2026,JTM7ERAV5TD033099,FE CY EJ TX 2T MF,,"48,424.21","50,789.00",50789,Offline,true,No campaign,false,Y,DK#BESTOLD,None
A,RAV4 Plug-in Hybrid XSE,S262545,4550A,02VP,EC20,2026,JTM7ERAV1TD031687,FE PC TX 2T 43 MF,,"48,320.21","50,694.00",50694,Online,true,No campaign,false,Y,KD#ZIMMERMAN,None
A,Sienna XLE,,5407S,0089,EA15,2026,5TDYSKFC3TS42B999,FE PC 2T,,"47,130.21","50,360.00",50360,Online,true,No campaign,false,Y,SS TEMPLE,None
A,Sienna XLE,,5407S,01L5,EA15,2026,5TDYSKFC2TS39C785,FE AA AC EJ PC ST 2T DH MF,,"49,477.40","52,970.00",52970,Online,true,No campaign,false,Y,HS#Davick,None
A,Sienna XLE,,5407S,01L5,EA15,2026,5TDYSKFC2TS42D162,FE AA AC EJ EY PC 2T MF,,"49,791.21","53,355.00",53355,Online,true,No campaign,false,Y,AW#SNEAD,None
A,Sienna XLE,,5407S,01L5,EA15,2026,5TDYSKFC0TS40D542,FE AC EJ EY PC 2T BM MF,,"49,526.40","53,075.00",53075,Online,true,No campaign,false,Y,DK#LISONBEE,None
A,Sienna XLE,,5407S,0218,EA15,2026,5TDYSKFC5TS42D091,FE AC EJ EY 2T MF,,"48,887.21","52,340.00",52340,Online,true,No campaign,false,N,,None
A,Sienna XLE,,5407S,03T3,EA15,2026,5TDYSKFC1TS40C514,FE AC EJ EY PC 2T MF,,"49,310.21","52,815.00",52815,Online,true,No campaign,false,Y,KT#WEBER,None
A,Sienna XLE,,5407S,03T3,EA15,2026,5TDYSKFC9TS41C580,FE AC EJ EY PC 2T MF,,"49,310.21","52,815.00",52815,Online,true,No campaign,false,N,,None
A,Sienna Woodland Edition,,5409S,0040,EB22,2026,5TDCSKFC0TS43C534,FE EY WO MF,,"51,640.21","55,270.00",55270,Online,true,No campaign,false,Y,TS RASMUSSEN,None
A,Sienna XSE,,5411S,01H5,EB21,2026,5TDXSKFC1TS42C838,FE AC ST 2T D9 WL,,"49,385.21","52,560.00",52560,Online,true,No campaign,false,Y,KD#LUPIA,None
A,Sienna XSE,,5411S,01H5,EB21,2026,5TDXSKFC7TS42C889,FE AC ST 2T,,"49,240.21","52,375.00",52375,Online,true,No campaign,false,Y,HR MURPHY,None
A,Sienna Limited,,5415S,0218,LA25,2026,5TDZSKFC3TS42E180,FE AC EY IM 2T MF,,"54,055.21","57,945.00",57945,Online,true,No campaign,false,N,MH #bosNOeySPARKS,None
A,Sienna Limited,,5415S,0218,LA25,2026,5TDZSKFC5TS41C919,FE AC IM 2T MF,,"52,794.21","56,530.00",56530,Online,true,No campaign,false,Y,DK#PRICE,None
A,Sienna Limited,,5415S,03T3,LA42,2026,5TDZSKFC4TS43C045,FE AC EY IM PC 2T MF,,"54,478.21","58,420.00",58420,Online,true,No campaign,false,N,,None
A,Sienna Limited,,5415S,08X8,LA25,2026,5TDZSKFC7TS41C307,FE AC EY IM ST 2T,,"53,816.21","57,660.00",57660,Online,true,No campaign,false,Y,MH OLESON,None
A,Sienna Platinum,,5419S,08X8,LB25,2026,5TDESKFCXTS43B254,FE AC EY IM PT ST VC 2G,,"58,145.21","62,365.00",62365,Online,true,No campaign,false,N,,None
A,GR86 Premium MT,S272480,6255A,0P8Y,AM20,2027,JF1ZNBE10V9751162,FE 2T,,"34,875.21","36,004.00",36004,Online,true,No campaign,false,N,,None
A,Corolla Hatchback XSE,S272374,6274A,01G3,LA10,2027,JTNC4MBEXV3276690,FE SZ 2T B0 BM J7 MF,,"29,098.21","30,925.00",30925,Online,true,No campaign,false,N,,None
A,Corolla Cross L,,6302S,0089,FA10,2026,7MUAAABG6TV42B640,FE PC 2T,,"27,942.21","29,014.00",29014,Online,true,No campaign,false,N,,None
A,Corolla Cross L,,6302S,01K3,FA10,2026,7MUAAABG3TV39B657,FE 2T,,"27,516.40","28,539.00",28539,Online,true,No campaign,false,N,,None
A,Corolla Cross L,,6302S,01K3,FA10,2026,7MUAAABG2TV42C512,FE 2T,,"27,519.21","28,539.00",28539,Online,true,No campaign,false,N,,None
A,Corolla Cross L,,6302S,0D10,FA10,2026,7MUAAABG9TV41C513,FE 2T MF,,"27,653.21","28,699.00",28699,Online,true,No campaign,false,N,,None
A,Corolla Cross XLE,,6306S,0089,EA20,2026,7MUDAABG6TV40C129,FE CP EJ PC 2T MF,,"34,464.40","36,299.00",36299,Online,true,No campaign,false,N,,None
A,Corolla Cross XLE,,6306S,01K3,EA23,2026,7MUDAABG4TV43A589,FE CP EJ 2T,,"33,910.21","35,664.00",35664,Online,true,No campaign,false,N,,None
A,Corolla Cross XLE,,6306S,0D11,EA20,2026,7MUDAABG8TV41B625,FE CP EJ 2T MF,,"34,044.21","35,824.00",35824,Online,true,No campaign,false,N,,None
A,Corolla Cross XLE,,6306S,0D25,EA23,2026,7MUDAABG6TV43A271,FE CP EJ PC 2T,,"34,333.21","36,139.00",36139,Online,true,No campaign,false,N,,None
A,Grand Highlander XLE,,6708S,0218,EA20,2026,5TDAAAB52TS43G693,FE 2T,,"45,199.21","48,613.00",48613,Offline,true,No campaign,false,Y,DL MERCER,None
A,Grand Highlander Limited,,6710S,03T3,LC20,2026,5TDAAAB53TS43F021,FE BS PC SB SR 2T,,"51,677.21","55,768.00",55768,Online,true,No campaign,false,N,,None
A,Grand Highlander Platinum,,6712S,01L5,LB20,2026,5TDAAAB59TS42F996,FE PC 2T,,"53,670.21","57,903.00",57903,Online,true,No campaign,false,N,,None
A,Grand Highlander Platinum,,6712S,01L5,LB40,2026,5TDAAAB55TS39F248,FE PC 2T J6,,"53,958.40","58,248.00",58248,Online,true,No campaign,false,Y,MG#Vedipo,None
A,Grand Highlander Platinum,,6712S,0218,LB20,2026,5TDAAAB5XTS40H071,FE 2T MF PL,,"53,514.40","57,763.00",0,Offline,false,No campaign,false,Y,MH TIEDTKE,None
A,Grand Highlander Hybrid XLE,,6716S,0089,EA10,2026,5TDABAA55TS42F329,FE PC 2T,,"45,938.21","49,238.00",49238,Online,true,No campaign,false,N,$ 6722,None
A,Grand Highlander Hybrid XLE,,6716S,01J9,EA10,2026,5TDABAA59TS42H276,FE 2T,,"45,515.21","48,763.00",48763,Online,true,No campaign,false,N,$ 6722,None
A,Grand Highlander Hybrid XLE,,6716S,01J9,EA10,2026,5TDABAA59TS40G153,FE 2T,,"45,512.40","48,763.00",48763,Online,true,No campaign,false,N,$ 6722,None
A,Grand Highlander Hybrid Limited,,6724S,0089,LC10,2026,5TDACAB52TS41G325,FE BS PC SB 2T 3T 43 DH,,"53,687.21","57,773.00",57773,Online,true,No campaign,false,Y,AW#CLARK,None
A,Grand Highlander Hybrid Limited,,6724S,0089,LC20,2026,5TDACAB57TS43F341,FE PC SB SR 2T,,"53,477.21","57,518.00",57518,Online,true,No campaign,false,Y,BB FEREBEE,None
A,Grand Highlander Hybrid Limited,,6724S,01L5,LC10,2026,5TDACAB5XTS42F306,FE PC SB SR 2T,,"53,477.21","57,518.00",58817,Online,true,No campaign,false,N,,None
A,Grand Highlander Hybrid Limited,,6724S,01L6,LC10,2026,5TDACAB54TS43G348,FE SB SR 2T 43,,"53,357.21","57,393.00",57393,Online,true,No campaign,false,Y,J5  WEST,None
A,Grand Highlander Hybrid Limited,,6724S,01L6,LC20,2026,5TDACAB54TS42F642,FE SB 2T BM DH MF,,"53,058.21","57,063.00",57063,Online,true,No campaign,false,Y,HS#SCHRIMPER,None
A,Grand Highlander Hybrid Limited,,6724S,0218,LC20,2026,5TDACAB52TS39F038,FE SB SR 2T DH,,"53,886.40","57,973.00",57973,Online,true,No campaign,false,Y,DL#SCHILLING,None
A,Grand Highlander Hybrid MAX Platinum,,6732S,0089,LA10,2026,5TDADAB55TS42H882,FE PC 2T,,"58,219.21","62,633.00",62633,Online,true,No campaign,false,Y,NF#CARTER,None
A,Grand Highlander Hybrid MAX Platinum,,6732S,01L6,LA40,2026,5TDADAB58TS43F961,FE 2T BM V1,,"58,458.21","62,937.00",62937,Online,true,No campaign,false,Y,DK#KING,None
A,Grand Highlander Hybrid MAX Platinum,,6732S,0218,LA40,2026,5TDADAB53TS40F802,FE 2T 3C D5 J6 MF PL,,"58,713.40","63,271.00",63271,Online,true,No campaign,false,Y,CD#KIRK,None
A,Grand Highlander Hybrid MAX Platinum,,6732S,03T3,LA20,2026,5TDADAB55TS41G123,FE PC 3P 3T 87 BM D5 DH G4 J6 MF PL,,"60,733.21","65,564.00",65564,Online,true,No campaign,false,Y,HS LAWSON,None
A,Grand Highlander Hybrid MAX Platinum,,6732S,08X8,LA20,2026,5TDADAB5XTS41E805,FE 2T 87 D5 MF,,"58,160.21","62,588.00",62588,Online,true,No campaign,false,Y,HS#PARKHURST,None
A,Grand Highlander Hybrid Nightshade,,6733S,0089,LD20,2026,5TDACAB56TS39G662,FE BK PC 2T MF,,"52,769.40","56,708.00",56708,Online,true,No campaign,false,Y,MH#CARIENS,None
A,Grand Highlander Hybrid Nightshade,,6733S,01H5,LD20,2026,5TDACAB57TS31I858,FE BK SB SR 2T BM MF,,"54,319.40","58,463.00",58463,Online,true,No campaign,false,Y,KT#DELLAMUTH,None
A,Highlander XLE,,6953S,08X8,EB10,2026,5TDKDRBH8TS41A118,FE 2T,,"44,870.21","48,253.00",48253,Online,true,No campaign,false,Y,CD#,None
A,Highlander Platinum,,6957S,08X8,LA10,2026,5TDKDRBH4TS39A885,FE PT 2T,,"51,858.40","55,908.00",55908,Online,true,No campaign,false,N,,None
A,Highlander Hybrid Limited,,6966S,0089,LB20,2026,5TDXBRCH5TS40A172,FE PC SB 2T 3P BM DH EF,,"53,250.21","57,321.00",57321,Online,true,No campaign,false,Y,HS#FORTIN,None
A,Highlander Hybrid Limited,,6966S,0218,LB10,2026,5TDXBRCH6TS43A166,FE SB 2T DH V1,,"52,542.21","56,442.00",56442,Online,true,No campaign,false,Y,JV CANO,None
A,Highlander Hybrid Platinum,,6967S,01L5,LA20,2026,5TDEBRCHXTS43A565,FE PC PT 2T DH,,"54,786.21","58,892.00",58892,Online,true,No campaign,false,Y,HS#Dickey,None
A,Tacoma Limited,,7534U,0089,EB20,2026,3TYLC5LN0TT40A921,FE LT MG PC 2T Q4,,"56,297.40","59,994.00",59994,Online,true,No campaign,false,N,,None
A,Tacoma Limited,,7534U,01L7,EB20,2026,3TYLC5LNXTT42A724,FE LT MG 2T,,"55,325.21","58,839.00",58839,Online,true,No campaign,false,N,,None
A,Tacoma SR5,,7540U,0040,FF20,2026,3TMLB5JN6TM43A698,FE CY ST 2T,,"41,110.21","43,519.00",43519,Online,true,No campaign,false,N,,None
A,Tacoma SR5,,7540U,01J9,FF10,2026,3TMLB5JN2TM41B257,FE SP ST 2T MF,,"43,969.21","46,734.00",46734,Online,true,No campaign,false,N,,None
A,Tacoma SR5,,7540U,0202,FF20,2026,3TMLB5JN5TM40C780,FE SM ST 2T MF,,"43,313.40","45,999.00",45999,Online,true,No campaign,false,N,,None
A,Tacoma SR5,,7540U,03U5,FF20,2026,3TYLB5JN7TT41A481,FE PC SP ST 2T MF,,"44,392.21","47,209.00",47209,Online,true,No campaign,false,N,,None
A,Tacoma SR5,,7540U,08X0,FF10,2026,3TMLB5JN5TM42A034,FE SP ST 2T,,"43,824.21","46,569.00",46569,Online,true,No campaign,false,N,,None
A,Tacoma TRD Sport,S262278,7542U,03U5,FE12,2026,3TYLB5JN9TT157966,FE MR PC PU 2T MF,,"48,552.40","51,889.00",51889,Online,true,No campaign,false,N,,None
A,Tacoma TRD Off-Road,,7544U,01J9,FD12,2026,3TMLB5JN3TM42A730,FE CY EE OC 2T,,"44,575.21","47,289.00",47289,Online,true,No campaign,false,N,,None
A,Tacoma TRD Off-Road,,7544U,0202,FD12,2026,3TMLB5JN2TM40D191,FE OU 2T MF,,"47,641.40","50,864.00",50864,Online,true,No campaign,false,N,,None
A,Tacoma TRD Off-Road,,7544U,0202,FD12,2026,3TMLB5JN9TM41A624,FE OU 2T MF,,"47,641.40","50,864.00",50864,Online,true,No campaign,false,N,,None
A,Tacoma TRD Off-Road,,7544U,03U5,FD12,2026,3TYLB5JN5TT40A600,FE CY EE OC PC 2T MF,,"45,140.40","47,929.00",47929,Online,true,No campaign,false,N,,None
A,Tacoma TRD Sport,S262264,7566U,03U5,FE12,2026,3TYLB5JN4TT158149,FE LV PC PU 2T MF,,"48,241.40","51,539.00",51539,Online,true,No campaign,false,N,,None
A,Tacoma Limited,,7582U,0089,EB10,2026,3TYLB5JN2TT40A117,FE LT MG PC 2T,,"52,667.40","55,989.00",55989,Online,true,No campaign,false,N,,None
A,Tacoma Limited,,7582U,0202,EB20,2026,3TMLB5JN1TM42B018,FE LT MG 2T,,"52,247.21","55,514.00",55514,Online,true,No campaign,false,N,,None
A,Tacoma Limited,,7582U,06X1,EB20,2026,3TMLB5JN2TM43C920,FE LT MG TD 2T,,"53,004.21","56,364.00",56364,Online,true,No campaign,false,N,,None
A,Tacoma Limited,,7582U,08X0,EB20,2026,3TMLB5JNXTM40B611,FE LT MG 2T,,"52,244.40","55,514.00",55514,Online,true,No campaign,false,N,,None
A,Sequoia Limited,,7949S,0218,LD21,2026,7SVAAABA1TX40B673,FE AH BU EJ 2T D5,,"72,263.40","78,493.00",78493,Online,true,No campaign,false,N,,None
A,Sequoia Platinum,,7951S,08X8,LA21,2026,7SVAAABA1TX43A560,FE HU RB 2T,,"79,033.21","85,923.00",85923,Online,true,No campaign,false,N,,None
A,Sequoia 1794 Edition,,7957S,0218,LB44,2026,7SVAAABA7TX41A412,FE HU LW D5,,"78,692.21","85,495.00",85495,Online,true,No campaign,false,N,,None
A,Tundra SR5,,8361A,0218,FB21,2026,5TFLA5DB1TX43D328,FE ME OF SO SZ WS 2T,,"53,894.21","57,474.00",57474,Online,true,No campaign,false,N,,None
A,Tundra Limited,,8372A,0089,LD13,2026,5TFJA5DB2TX42B633,FE LZ PC WS 2T,,"57,490.21","61,264.00",61264,Online,true,No campaign,false,N,,None
A,Tundra Limited,,8372A,01G3,LD21,2026,5TFJA5DB6TX43B940,FE LZ WS 2T,,"57,067.21","60,789.00",60789,Online,true,No campaign,false,N,,None
A,Tundra Limited,,8372A,01J9,LD21,2026,5TFJA5DB1TX43A243,FE LZ WS 2T,,"57,067.21","60,789.00",60789,Online,true,No campaign,false,N,,None
A,Tundra Limited,,8372A,06X3,LD21,2026,5TFJA5DB1TX42A229,FE LZ WS 2T,,"57,067.21","60,789.00",60789,Online,true,No campaign,false,N,,None
A,Tundra Platinum,,8375A,0089,LA21,2026,5TFWA5DB8TX42A377,FE OF PC SO TD 2T,,"67,882.21","72,594.00",72594,Online,true,No campaign,false,N,,None
A,Tundra Platinum,,8375A,0218,LA21,2026,5TFNA5DB0TX42C975,FE HU RB 2T,,"66,497.21","71,039.00",71039,Online,true,No campaign,false,N,,None
A,Tundra Platinum,,8422A,06X3,LA21,2026,5TFNC5DB0TX43D498,FE RB TD 2T,,"70,337.21","75,199.00",75199,Online,true,No campaign,false,N,,None
A,Tundra Platinum,,8422A,08X8,LA21,2026,5TFNC5DB3TX43A398,FE RB TD 2T,,"70,337.21","75,199.00",75199,Online,true,No campaign,false,N,,None
A,4Runner SR5,S262511,8664S,01L0,FA10,2026,JTEVA5BRXT5175032,FE 63,,"43,233.21","46,113.00",46113,Online,true,No campaign,false,N,,None
A,4Runner TRD Off-Road Premium,S262518,8672S,01L7,EA20,2026,JTEVA5BR3T5173834,FE EC OP 63 T4 T7 W0,,"55,693.21","59,768.00",59768,Online,true,No campaign,false,N,,None